amfi_code,alpha,beta
118632,188.5762270065591,3.6076647145165617
119551,163.90354656864557,-52.39994464503477
120503,117.6778014446038,5.477551627422783
125497,50.42697744538942,10.545992577186052
