amfi_code,sharpe_ratio,alpha,max_drawdown,sharpe_rank,alpha_rank,mdd_rank,fund_score
125497,4.846985936010613,50.42697744538942,-0.8921980607042805,4.0,4.0,1.0,3.4000000000000004
119551,4.904468814820465,163.90354656864557,-0.9197513928013377,3.0,2.0,2.0,2.5
120503,5.476093750410416,117.6778014446038,-0.9299952225848291,1.0,3.0,4.0,2.2
118632,5.247465307859665,188.5762270065591,-0.9296338621303665,2.0,1.0,3.0,1.9000000000000001
