amfi_code,VaR_95,CVaR_95
118632,-0.8487649879369225,-0.881379511718339
119551,-0.7777445430678462,-0.8567570195305307
120503,-0.7859111977739827,-0.8679793053960868
125497,-0.7182611763712825,-0.7864818154858358
